"hex_sticker","repo_url","package_name","description","stargazers","watchers","tags","download_stats","top_5_contributors"
"https://raw.githubusercontent.com/rstudio/hex-stickers/a9d38e4f81fa8ed5defd190a77c469fdbd63b1da/SVG/ggplot2.svg","https://github.com/tidyverse/ggplot2","ggplot2","An implementation of the Grammar of Graphics in R","6137","6137","40","list(start = c(17532, 17563, 17591, 17622, 17652, 17683, 17713, 17744, 17775, 17805, 17836, 17866, 17897, 17928, 17956, 17987, 18017, 18048, 18078, 18109, 18140, 18170, 18201, 18231, 18262, 18293, 18322, 18353, 18383, 18414, 18444, 18475, 18506, 18536, 18567, 18597, 18628, 18659, 18687, 18718, 18748, 18779, 18809, 18840, 18871, 18901, 18932, 18962, 18993, 19024, 19052, 19083, 19113, 19144, 19174, 19205, 19236, 19266, 19297, 19327, 19358, 19389, 19417, 19448, 19478, 19509, 19539, 19570, 19601, 19631
), end = c(17562, 17590, 17621, 17651, 17682, 17712, 17743, 17774, 17804, 17835, 17865, 17896, 17927, 17955, 17986, 18016, 18047, 18077, 18108, 18139, 18169, 18200, 18230, 18261, 18292, 18321, 18352, 18382, 18413, 18443, 18474, 18505, 18535, 18566, 18596, 18627, 18658, 18686, 18717, 18747, 18778, 18808, 18839, 18870, 18900, 18931, 18961, 18992, 19023, 19051, 19082, 19112, 19143, 19173, 19204, 19235, 19265, 19296, 19326, 19357, 19388, 19416, 19447, 19477, 19508, 19538, 19569, 19600, 19630, 19661), 
    downloads = c(419372, 415838, 495357, 511879, 507604, 439156, 552553, 497218, 647281, 822873, 809889, 585313, 726400, 720326, 771832, 830500, 830059, 702976, 712857, 719862, 988740, 1058606, 958562, 869022, 990079, 1021046, 1743064, 1788712, 1688318, 1653368, 1455078, 1400458, 1585801, 1696668, 1801691, 905064, 1128155, 946051, 1851241, 1900989, 1983929, 1957952, 1948565, 2072506, 2971064, 3298060, 3162372, 2376174, 2091880, 2077216, 2422703, 2689183, 3113536, 2849346, 2676911, 2594350, 2754884, 
    2905716, 2930801, 2351346, 2356847, 2307038, 2484066, 1966351, 2502717, 2507430, 2430173, 2534005, 2655965, 2917801), package = c(1, 1, 1, 1, 1, 1, 1, 1, 1, 1, 1, 1, 1, 1, 1, 1, 1, 1, 1, 1, 1, 1, 1, 1, 1, 1, 1, 1, 1, 1, 1, 1, 1, 1, 1, 1, 1, 1, 1, 1, 1, 1, 1, 1, 1, 1, 1, 1, 1, 1, 1, 1, 1, 1, 1, 1, 1, 1, 1, 1, 1, 1, 1, 1, 1, 1, 1, 1, 1, 1))","list(list(login = ""hadley"", id = 4196, node_id = ""MDQ6VXNlcjQxOTY="", avatar_url = ""https://avatars.githubusercontent.com/u/4196?v=4"", gravatar_id = """", url = ""https://api.github.com/users/hadley"", html_url = ""https://github.com/hadley"", followers_url = ""https://api.github.com/users/hadley/followers"", following_url = ""https://api.github.com/users/hadley/following{/other_user}"", gists_url = ""https://api.github.com/users/hadley/gists{/gist_id}"", starred_url = ""https://api.github.com/users/hadley/starred{/owner}{/repo}"", 
    subscriptions_url = ""https://api.github.com/users/hadley/subscriptions"", organizations_url = ""https://api.github.com/users/hadley/orgs"", repos_url = ""https://api.github.com/users/hadley/repos"", events_url = ""https://api.github.com/users/hadley/events{/privacy}"", received_events_url = ""https://api.github.com/users/hadley/received_events"", type = ""User"", site_admin = FALSE, contributions = 2556), list(login = ""wch"", id = 86978, node_id = ""MDQ6VXNlcjg2OTc4"", avatar_url = ""https://avatars.githubusercontent.com/u/86978?v=4"", 
    gravatar_id = """", url = ""https://api.github.com/users/wch"", html_url = ""https://github.com/wch"", followers_url = ""https://api.github.com/users/wch/followers"", following_url = ""https://api.github.com/users/wch/following{/other_user}"", gists_url = ""https://api.github.com/users/wch/gists{/gist_id}"", starred_url = ""https://api.github.com/users/wch/starred{/owner}{/repo}"", subscriptions_url = ""https://api.github.com/users/wch/subscriptions"", organizations_url = ""https://api.github.com/users/wch/orgs"", 
    repos_url = ""https://api.github.com/users/wch/repos"", events_url = ""https://api.github.com/users/wch/events{/privacy}"", received_events_url = ""https://api.github.com/users/wch/received_events"", type = ""User"", site_admin = FALSE, contributions = 654), list(login = ""thomasp85"", id = 1775316, node_id = ""MDQ6VXNlcjE3NzUzMTY="", avatar_url = ""https://avatars.githubusercontent.com/u/1775316?v=4"", gravatar_id = """", url = ""https://api.github.com/users/thomasp85"", html_url = ""https://github.com/thomasp85"", 
    followers_url = ""https://api.github.com/users/thomasp85/followers"", following_url = ""https://api.github.com/users/thomasp85/following{/other_user}"", gists_url = ""https://api.github.com/users/thomasp85/gists{/gist_id}"", starred_url = ""https://api.github.com/users/thomasp85/starred{/owner}{/repo}"", subscriptions_url = ""https://api.github.com/users/thomasp85/subscriptions"", organizations_url = ""https://api.github.com/users/thomasp85/orgs"", repos_url = ""https://api.github.com/users/thomasp85/repos"", 
    events_url = ""https://api.github.com/users/thomasp85/events{/privacy}"", received_events_url = ""https://api.github.com/users/thomasp85/received_events"", type = ""User"", site_admin = FALSE, contributions = 335), list(login = ""kohske"", id = 227097, node_id = ""MDQ6VXNlcjIyNzA5Nw=="", avatar_url = ""https://avatars.githubusercontent.com/u/227097?v=4"", gravatar_id = """", url = ""https://api.github.com/users/kohske"", html_url = ""https://github.com/kohske"", followers_url = ""https://api.github.com/users/kohske/followers"", 
    following_url = ""https://api.github.com/users/kohske/following{/other_user}"", gists_url = ""https://api.github.com/users/kohske/gists{/gist_id}"", starred_url = ""https://api.github.com/users/kohske/starred{/owner}{/repo}"", subscriptions_url = ""https://api.github.com/users/kohske/subscriptions"", organizations_url = ""https://api.github.com/users/kohske/orgs"", repos_url = ""https://api.github.com/users/kohske/repos"", events_url = ""https://api.github.com/users/kohske/events{/privacy}"", received_events_url = ""https://api.github.com/users/kohske/received_events"", 
    type = ""User"", site_admin = FALSE, contributions = 232), list(login = ""teunbrand"", id = 49372158, node_id = ""MDQ6VXNlcjQ5MzcyMTU4"", avatar_url = ""https://avatars.githubusercontent.com/u/49372158?v=4"", gravatar_id = """", url = ""https://api.github.com/users/teunbrand"", html_url = ""https://github.com/teunbrand"", followers_url = ""https://api.github.com/users/teunbrand/followers"", following_url = ""https://api.github.com/users/teunbrand/following{/other_user}"", gists_url = ""https://api.github.com/users/teunbrand/gists{/gist_id}"", 
    starred_url = ""https://api.github.com/users/teunbrand/starred{/owner}{/repo}"", subscriptions_url = ""https://api.github.com/users/teunbrand/subscriptions"", organizations_url = ""https://api.github.com/users/teunbrand/orgs"", repos_url = ""https://api.github.com/users/teunbrand/repos"", events_url = ""https://api.github.com/users/teunbrand/events{/privacy}"", received_events_url = ""https://api.github.com/users/teunbrand/received_events"", type = ""User"", site_admin = FALSE, contributions = 197))"
"https://raw.githubusercontent.com/rstudio/hex-stickers/a9d38e4f81fa8ed5defd190a77c469fdbd63b1da/SVG/dplyr.svg","https://github.com/tidyverse/dplyr","dplyr","dplyr: A grammar of data manipulation","4580","4580","58","list(start = c(17532, 17563, 17591, 17622, 17652, 17683, 17713, 17744, 17775, 17805, 17836, 17866, 17897, 17928, 17956, 17987, 18017, 18048, 18078, 18109, 18140, 18170, 18201, 18231, 18262, 18293, 18322, 18353, 18383, 18414, 18444, 18475, 18506, 18536, 18567, 18597, 18628, 18659, 18687, 18718, 18748, 18779, 18809, 18840, 18871, 18901, 18932, 18962, 18993, 19024, 19052, 19083, 19113, 19144, 19174, 19205, 19236, 19266, 19297, 19327, 19358, 19389, 19417, 19448, 19478, 19509, 19539, 19570, 19601, 19631
), end = c(17562, 17590, 17621, 17651, 17682, 17712, 17743, 17774, 17804, 17835, 17865, 17896, 17927, 17955, 17986, 18016, 18047, 18077, 18108, 18139, 18169, 18200, 18230, 18261, 18292, 18321, 18352, 18382, 18413, 18443, 18474, 18505, 18535, 18566, 18596, 18627, 18658, 18686, 18717, 18747, 18778, 18808, 18839, 18870, 18900, 18931, 18961, 18992, 19023, 19051, 19082, 19112, 19143, 19173, 19204, 19235, 19265, 19296, 19326, 19357, 19388, 19416, 19447, 19477, 19508, 19538, 19569, 19600, 19630, 19661), 
    downloads = c(346306, 331261, 382096, 424682, 449992, 424989, 441925, 404807, 515888, 689676, 682311, 522059, 671845, 720155, 775025, 843488, 987374, 811089, 918455, 828726, 1057781, 1170640, 1086121, 1020708, 1117659, 1270891, 1398341, 1389280, 1224171, 1234585, 1092220, 1184557, 1297925, 1560846, 1394366, 1333174, 1462960, 1502830, 1763362, 1662604, 1684403, 1610298, 1453335, 1483396, 1630109, 1821037, 1680463, 1438504, 1411385, 1552862, 1764950, 1791634, 2132210, 1855881, 1659440, 1726019, 
    2946410, 2045359, 1931056, 1569659, 1669841, 1669258, 2007645, 1805045, 1779589, 1491564, 1318178, 1342408, 1674962, 1800586), package = c(1, 1, 1, 1, 1, 1, 1, 1, 1, 1, 1, 1, 1, 1, 1, 1, 1, 1, 1, 1, 1, 1, 1, 1, 1, 1, 1, 1, 1, 1, 1, 1, 1, 1, 1, 1, 1, 1, 1, 1, 1, 1, 1, 1, 1, 1, 1, 1, 1, 1, 1, 1, 1, 1, 1, 1, 1, 1, 1, 1, 1, 1, 1, 1, 1, 1, 1, 1, 1, 1))","list(list(login = ""romainfrancois"", id = 2625526, node_id = ""MDQ6VXNlcjI2MjU1MjY="", avatar_url = ""https://avatars.githubusercontent.com/u/2625526?v=4"", gravatar_id = """", url = ""https://api.github.com/users/romainfrancois"", html_url = ""https://github.com/romainfrancois"", followers_url = ""https://api.github.com/users/romainfrancois/followers"", following_url = ""https://api.github.com/users/romainfrancois/following{/other_user}"", gists_url = ""https://api.github.com/users/romainfrancois/gists{/gist_id}"", 
    starred_url = ""https://api.github.com/users/romainfrancois/starred{/owner}{/repo}"", subscriptions_url = ""https://api.github.com/users/romainfrancois/subscriptions"", organizations_url = ""https://api.github.com/users/romainfrancois/orgs"", repos_url = ""https://api.github.com/users/romainfrancois/repos"", events_url = ""https://api.github.com/users/romainfrancois/events{/privacy}"", received_events_url = ""https://api.github.com/users/romainfrancois/received_events"", type = ""User"", site_admin = FALSE, 
    contributions = 2984), list(login = ""hadley"", id = 4196, node_id = ""MDQ6VXNlcjQxOTY="", avatar_url = ""https://avatars.githubusercontent.com/u/4196?v=4"", gravatar_id = """", url = ""https://api.github.com/users/hadley"", html_url = ""https://github.com/hadley"", followers_url = ""https://api.github.com/users/hadley/followers"", following_url = ""https://api.github.com/users/hadley/following{/other_user}"", gists_url = ""https://api.github.com/users/hadley/gists{/gist_id}"", starred_url = ""https://api.github.com/users/hadley/starred{/owner}{/repo}"", 
    subscriptions_url = ""https://api.github.com/users/hadley/subscriptions"", organizations_url = ""https://api.github.com/users/hadley/orgs"", repos_url = ""https://api.github.com/users/hadley/repos"", events_url = ""https://api.github.com/users/hadley/events{/privacy}"", received_events_url = ""https://api.github.com/users/hadley/received_events"", type = ""User"", site_admin = FALSE, contributions = 2226), list(login = ""krlmlr"", id = 1741643, node_id = ""MDQ6VXNlcjE3NDE2NDM="", avatar_url = ""https://avatars.githubusercontent.com/u/1741643?v=4"", 
    gravatar_id = """", url = ""https://api.github.com/users/krlmlr"", html_url = ""https://github.com/krlmlr"", followers_url = ""https://api.github.com/users/krlmlr/followers"", following_url = ""https://api.github.com/users/krlmlr/following{/other_user}"", gists_url = ""https://api.github.com/users/krlmlr/gists{/gist_id}"", starred_url = ""https://api.github.com/users/krlmlr/starred{/owner}{/repo}"", subscriptions_url = ""https://api.github.com/users/krlmlr/subscriptions"", organizations_url = ""https://api.github.com/users/krlmlr/orgs"", 
    repos_url = ""https://api.github.com/users/krlmlr/repos"", events_url = ""https://api.github.com/users/krlmlr/events{/privacy}"", received_events_url = ""https://api.github.com/users/krlmlr/received_events"", type = ""User"", site_admin = FALSE, contributions = 857), list(login = ""lionel-"", id = 4465050, node_id = ""MDQ6VXNlcjQ0NjUwNTA="", avatar_url = ""https://avatars.githubusercontent.com/u/4465050?v=4"", gravatar_id = """", url = ""https://api.github.com/users/lionel-"", html_url = ""https://github.com/lionel-"", 
    followers_url = ""https://api.github.com/users/lionel-/followers"", following_url = ""https://api.github.com/users/lionel-/following{/other_user}"", gists_url = ""https://api.github.com/users/lionel-/gists{/gist_id}"", starred_url = ""https://api.github.com/users/lionel-/starred{/owner}{/repo}"", subscriptions_url = ""https://api.github.com/users/lionel-/subscriptions"", organizations_url = ""https://api.github.com/users/lionel-/orgs"", repos_url = ""https://api.github.com/users/lionel-/repos"", events_url = ""https://api.github.com/users/lionel-/events{/privacy}"", 
    received_events_url = ""https://api.github.com/users/lionel-/received_events"", type = ""User"", site_admin = FALSE, contributions = 683), list(login = ""DavisVaughan"", id = 19150088, node_id = ""MDQ6VXNlcjE5MTUwMDg4"", avatar_url = ""https://avatars.githubusercontent.com/u/19150088?v=4"", gravatar_id = """", url = ""https://api.github.com/users/DavisVaughan"", html_url = ""https://github.com/DavisVaughan"", followers_url = ""https://api.github.com/users/DavisVaughan/followers"", following_url = ""https://api.github.com/users/DavisVaughan/following{/other_user}"", 
    gists_url = ""https://api.github.com/users/DavisVaughan/gists{/gist_id}"", starred_url = ""https://api.github.com/users/DavisVaughan/starred{/owner}{/repo}"", subscriptions_url = ""https://api.github.com/users/DavisVaughan/subscriptions"", organizations_url = ""https://api.github.com/users/DavisVaughan/orgs"", repos_url = ""https://api.github.com/users/DavisVaughan/repos"", events_url = ""https://api.github.com/users/DavisVaughan/events{/privacy}"", received_events_url = ""https://api.github.com/users/DavisVaughan/received_events"", 
    type = ""User"", site_admin = FALSE, contributions = 290))"
"https://raw.githubusercontent.com/rstudio/hex-stickers/a9d38e4f81fa8ed5defd190a77c469fdbd63b1da/SVG/tidyr.svg","https://github.com/tidyverse/tidyr","tidyr","Tidy Messy Data","1295","1295","31","list(start = c(17532, 17563, 17591, 17622, 17652, 17683, 17713, 17744, 17775, 17805, 17836, 17866, 17897, 17928, 17956, 17987, 18017, 18048, 18078, 18109, 18140, 18170, 18201, 18231, 18262, 18293, 18322, 18353, 18383, 18414, 18444, 18475, 18506, 18536, 18567, 18597, 18628, 18659, 18687, 18718, 18748, 18779, 18809, 18840, 18871, 18901, 18932, 18962, 18993, 19024, 19052, 19083, 19113, 19144, 19174, 19205, 19236, 19266, 19297, 19327, 19358, 19389, 19417, 19448, 19478, 19509, 19539, 19570, 19601, 19631
), end = c(17562, 17590, 17621, 17651, 17682, 17712, 17743, 17774, 17804, 17835, 17865, 17896, 17927, 17955, 17986, 18016, 18047, 18077, 18108, 18139, 18169, 18200, 18230, 18261, 18292, 18321, 18352, 18382, 18413, 18443, 18474, 18505, 18535, 18566, 18596, 18627, 18658, 18686, 18717, 18747, 18778, 18808, 18839, 18870, 18900, 18931, 18961, 18992, 19023, 19051, 19082, 19112, 19143, 19173, 19204, 19235, 19265, 19296, 19326, 19357, 19388, 19416, 19447, 19477, 19508, 19538, 19569, 19600, 19630, 19661), 
    downloads = c(226558, 252388, 263560, 267606, 284652, 251895, 237847, 229062, 302012, 378314, 385559, 295468, 344451, 347816, 485618, 475300, 499586, 404579, 461707, 473287, 723209, 808878, 744706, 744255, 881799, 902221, 956664, 992462, 1446644, 829339, 716170, 829721, 888072, 855449, 725049, 730384, 759849, 680450, 928525, 888222, 1008863, 987997, 908848, 940271, 1113342, 1224523, 1110867, 899257, 913698, 1113142, 1193697, 1178587, 1197782, 1011040, 954649, 1050767, 1610203, 1053157, 1038138, 
    782094, 907579, 984117, 1258323, 1064610, 1038434, 915681, 809717, 828480, 952687, 1050810), package = c(1, 1, 1, 1, 1, 1, 1, 1, 1, 1, 1, 1, 1, 1, 1, 1, 1, 1, 1, 1, 1, 1, 1, 1, 1, 1, 1, 1, 1, 1, 1, 1, 1, 1, 1, 1, 1, 1, 1, 1, 1, 1, 1, 1, 1, 1, 1, 1, 1, 1, 1, 1, 1, 1, 1, 1, 1, 1, 1, 1, 1, 1, 1, 1, 1, 1, 1, 1, 1, 1))","list(list(login = ""hadley"", id = 4196, node_id = ""MDQ6VXNlcjQxOTY="", avatar_url = ""https://avatars.githubusercontent.com/u/4196?v=4"", gravatar_id = """", url = ""https://api.github.com/users/hadley"", html_url = ""https://github.com/hadley"", followers_url = ""https://api.github.com/users/hadley/followers"", following_url = ""https://api.github.com/users/hadley/following{/other_user}"", gists_url = ""https://api.github.com/users/hadley/gists{/gist_id}"", starred_url = ""https://api.github.com/users/hadley/starred{/owner}{/repo}"", 
    subscriptions_url = ""https://api.github.com/users/hadley/subscriptions"", organizations_url = ""https://api.github.com/users/hadley/orgs"", repos_url = ""https://api.github.com/users/hadley/repos"", events_url = ""https://api.github.com/users/hadley/events{/privacy}"", received_events_url = ""https://api.github.com/users/hadley/received_events"", type = ""User"", site_admin = FALSE, contributions = 823), list(login = ""DavisVaughan"", id = 19150088, node_id = ""MDQ6VXNlcjE5MTUwMDg4"", avatar_url = ""https://avatars.githubusercontent.com/u/19150088?v=4"", 
    gravatar_id = """", url = ""https://api.github.com/users/DavisVaughan"", html_url = ""https://github.com/DavisVaughan"", followers_url = ""https://api.github.com/users/DavisVaughan/followers"", following_url = ""https://api.github.com/users/DavisVaughan/following{/other_user}"", gists_url = ""https://api.github.com/users/DavisVaughan/gists{/gist_id}"", starred_url = ""https://api.github.com/users/DavisVaughan/starred{/owner}{/repo}"", subscriptions_url = ""https://api.github.com/users/DavisVaughan/subscriptions"", 
    organizations_url = ""https://api.github.com/users/DavisVaughan/orgs"", repos_url = ""https://api.github.com/users/DavisVaughan/repos"", events_url = ""https://api.github.com/users/DavisVaughan/events{/privacy}"", received_events_url = ""https://api.github.com/users/DavisVaughan/received_events"", type = ""User"", site_admin = FALSE, contributions = 176), list(login = ""lionel-"", id = 4465050, node_id = ""MDQ6VXNlcjQ0NjUwNTA="", avatar_url = ""https://avatars.githubusercontent.com/u/4465050?v=4"", gravatar_id = """", 
    url = ""https://api.github.com/users/lionel-"", html_url = ""https://github.com/lionel-"", followers_url = ""https://api.github.com/users/lionel-/followers"", following_url = ""https://api.github.com/users/lionel-/following{/other_user}"", gists_url = ""https://api.github.com/users/lionel-/gists{/gist_id}"", starred_url = ""https://api.github.com/users/lionel-/starred{/owner}{/repo}"", subscriptions_url = ""https://api.github.com/users/lionel-/subscriptions"", organizations_url = ""https://api.github.com/users/lionel-/orgs"", 
    repos_url = ""https://api.github.com/users/lionel-/repos"", events_url = ""https://api.github.com/users/lionel-/events{/privacy}"", received_events_url = ""https://api.github.com/users/lionel-/received_events"", type = ""User"", site_admin = FALSE, contributions = 95), list(login = ""jimhester"", id = 205275, node_id = ""MDQ6VXNlcjIwNTI3NQ=="", avatar_url = ""https://avatars.githubusercontent.com/u/205275?v=4"", gravatar_id = """", url = ""https://api.github.com/users/jimhester"", html_url = ""https://github.com/jimhester"", 
    followers_url = ""https://api.github.com/users/jimhester/followers"", following_url = ""https://api.github.com/users/jimhester/following{/other_user}"", gists_url = ""https://api.github.com/users/jimhester/gists{/gist_id}"", starred_url = ""https://api.github.com/users/jimhester/starred{/owner}{/repo}"", subscriptions_url = ""https://api.github.com/users/jimhester/subscriptions"", organizations_url = ""https://api.github.com/users/jimhester/orgs"", repos_url = ""https://api.github.com/users/jimhester/repos"", 
    events_url = ""https://api.github.com/users/jimhester/events{/privacy}"", received_events_url = ""https://api.github.com/users/jimhester/received_events"", type = ""User"", site_admin = FALSE, contributions = 23), list(login = ""mgirlich"", id = 18258854, node_id = ""MDQ6VXNlcjE4MjU4ODU0"", avatar_url = ""https://avatars.githubusercontent.com/u/18258854?v=4"", gravatar_id = """", url = ""https://api.github.com/users/mgirlich"", html_url = ""https://github.com/mgirlich"", followers_url = ""https://api.github.com/users/mgirlich/followers"", 
    following_url = ""https://api.github.com/users/mgirlich/following{/other_user}"", gists_url = ""https://api.github.com/users/mgirlich/gists{/gist_id}"", starred_url = ""https://api.github.com/users/mgirlich/starred{/owner}{/repo}"", subscriptions_url = ""https://api.github.com/users/mgirlich/subscriptions"", organizations_url = ""https://api.github.com/users/mgirlich/orgs"", repos_url = ""https://api.github.com/users/mgirlich/repos"", events_url = ""https://api.github.com/users/mgirlich/events{/privacy}"", 
    received_events_url = ""https://api.github.com/users/mgirlich/received_events"", type = ""User"", site_admin = FALSE, contributions = 18))"
"https://raw.githubusercontent.com/rstudio/hex-stickers/a9d38e4f81fa8ed5defd190a77c469fdbd63b1da/SVG/purrr.svg","https://github.com/tidyverse/purrr","purrr","A functional programming toolkit for R","1197","1197","17","list(start = c(17532, 17563, 17591, 17622, 17652, 17683, 17713, 17744, 17775, 17805, 17836, 17866, 17897, 17928, 17956, 17987, 18017, 18048, 18078, 18109, 18140, 18170, 18201, 18231, 18262, 18293, 18322, 18353, 18383, 18414, 18444, 18475, 18506, 18536, 18567, 18597, 18628, 18659, 18687, 18718, 18748, 18779, 18809, 18840, 18871, 18901, 18932, 18962, 18993, 19024, 19052, 19083, 19113, 19144, 19174, 19205, 19236, 19266, 19297, 19327, 19358, 19389, 19417, 19448, 19478, 19509, 19539, 19570, 19601, 19631
), end = c(17562, 17590, 17621, 17651, 17682, 17712, 17743, 17774, 17804, 17835, 17865, 17896, 17927, 17955, 17986, 18016, 18047, 18077, 18108, 18139, 18169, 18200, 18230, 18261, 18292, 18321, 18352, 18382, 18413, 18443, 18474, 18505, 18535, 18566, 18596, 18627, 18658, 18686, 18717, 18747, 18778, 18808, 18839, 18870, 18900, 18931, 18961, 18992, 19023, 19051, 19082, 19112, 19143, 19173, 19204, 19235, 19265, 19296, 19326, 19357, 19388, 19416, 19447, 19477, 19508, 19538, 19569, 19600, 19630, 19661), 
    downloads = c(209741, 199840, 226772, 242361, 283595, 354914, 334561, 311267, 388784, 452742, 412815, 326659, 450088, 509656, 618394, 533244, 551730, 446652, 457872, 474495, 617192, 746882, 877846, 780493, 877852, 881311, 918667, 1076355, 968721, 856535, 750237, 723943, 876043, 896380, 755636, 663819, 683417, 677445, 788618, 719650, 752760, 732281, 650556, 691697, 872164, 878058, 817462, 663719, 657166, 674943, 779006, 722681, 758070, 690742, 619840, 678510, 833762, 935722, 885709, 691532, 987997, 
    1112601, 1329902, 1141285, 1147736, 1011797, 916671, 1040008, 1141970, 1188773), package = c(1, 1, 1, 1, 1, 1, 1, 1, 1, 1, 1, 1, 1, 1, 1, 1, 1, 1, 1, 1, 1, 1, 1, 1, 1, 1, 1, 1, 1, 1, 1, 1, 1, 1, 1, 1, 1, 1, 1, 1, 1, 1, 1, 1, 1, 1, 1, 1, 1, 1, 1, 1, 1, 1, 1, 1, 1, 1, 1, 1, 1, 1, 1, 1, 1, 1, 1, 1, 1, 1))","list(list(login = ""lionel-"", id = 4465050, node_id = ""MDQ6VXNlcjQ0NjUwNTA="", avatar_url = ""https://avatars.githubusercontent.com/u/4465050?v=4"", gravatar_id = """", url = ""https://api.github.com/users/lionel-"", html_url = ""https://github.com/lionel-"", followers_url = ""https://api.github.com/users/lionel-/followers"", following_url = ""https://api.github.com/users/lionel-/following{/other_user}"", gists_url = ""https://api.github.com/users/lionel-/gists{/gist_id}"", starred_url = ""https://api.github.com/users/lionel-/starred{/owner}{/repo}"", 
    subscriptions_url = ""https://api.github.com/users/lionel-/subscriptions"", organizations_url = ""https://api.github.com/users/lionel-/orgs"", repos_url = ""https://api.github.com/users/lionel-/repos"", events_url = ""https://api.github.com/users/lionel-/events{/privacy}"", received_events_url = ""https://api.github.com/users/lionel-/received_events"", type = ""User"", site_admin = FALSE, contributions = 567), list(login = ""hadley"", id = 4196, node_id = ""MDQ6VXNlcjQxOTY="", avatar_url = ""https://avatars.githubusercontent.com/u/4196?v=4"", 
    gravatar_id = """", url = ""https://api.github.com/users/hadley"", html_url = ""https://github.com/hadley"", followers_url = ""https://api.github.com/users/hadley/followers"", following_url = ""https://api.github.com/users/hadley/following{/other_user}"", gists_url = ""https://api.github.com/users/hadley/gists{/gist_id}"", starred_url = ""https://api.github.com/users/hadley/starred{/owner}{/repo}"", subscriptions_url = ""https://api.github.com/users/hadley/subscriptions"", organizations_url = ""https://api.github.com/users/hadley/orgs"", 
    repos_url = ""https://api.github.com/users/hadley/repos"", events_url = ""https://api.github.com/users/hadley/events{/privacy}"", received_events_url = ""https://api.github.com/users/hadley/received_events"", type = ""User"", site_admin = FALSE, contributions = 567), list(login = ""batpigandme"", id = 831732, node_id = ""MDQ6VXNlcjgzMTczMg=="", avatar_url = ""https://avatars.githubusercontent.com/u/831732?v=4"", gravatar_id = """", url = ""https://api.github.com/users/batpigandme"", html_url = ""https://github.com/batpigandme"", 
    followers_url = ""https://api.github.com/users/batpigandme/followers"", following_url = ""https://api.github.com/users/batpigandme/following{/other_user}"", gists_url = ""https://api.github.com/users/batpigandme/gists{/gist_id}"", starred_url = ""https://api.github.com/users/batpigandme/starred{/owner}{/repo}"", subscriptions_url = ""https://api.github.com/users/batpigandme/subscriptions"", organizations_url = ""https://api.github.com/users/batpigandme/orgs"", repos_url = ""https://api.github.com/users/batpigandme/repos"", 
    events_url = ""https://api.github.com/users/batpigandme/events{/privacy}"", received_events_url = ""https://api.github.com/users/batpigandme/received_events"", type = ""User"", site_admin = FALSE, contributions = 12), list(login = ""jennybc"", id = 599454, node_id = ""MDQ6VXNlcjU5OTQ1NA=="", avatar_url = ""https://avatars.githubusercontent.com/u/599454?v=4"", gravatar_id = """", url = ""https://api.github.com/users/jennybc"", html_url = ""https://github.com/jennybc"", followers_url = ""https://api.github.com/users/jennybc/followers"", 
    following_url = ""https://api.github.com/users/jennybc/following{/other_user}"", gists_url = ""https://api.github.com/users/jennybc/gists{/gist_id}"", starred_url = ""https://api.github.com/users/jennybc/starred{/owner}{/repo}"", subscriptions_url = ""https://api.github.com/users/jennybc/subscriptions"", organizations_url = ""https://api.github.com/users/jennybc/orgs"", repos_url = ""https://api.github.com/users/jennybc/repos"", events_url = ""https://api.github.com/users/jennybc/events{/privacy}"", received_events_url = ""https://api.github.com/users/jennybc/received_events"", 
    type = ""User"", site_admin = FALSE, contributions = 9), list(login = ""DavisVaughan"", id = 19150088, node_id = ""MDQ6VXNlcjE5MTUwMDg4"", avatar_url = ""https://avatars.githubusercontent.com/u/19150088?v=4"", gravatar_id = """", url = ""https://api.github.com/users/DavisVaughan"", html_url = ""https://github.com/DavisVaughan"", followers_url = ""https://api.github.com/users/DavisVaughan/followers"", following_url = ""https://api.github.com/users/DavisVaughan/following{/other_user}"", gists_url = ""https://api.github.com/users/DavisVaughan/gists{/gist_id}"", 
    starred_url = ""https://api.github.com/users/DavisVaughan/starred{/owner}{/repo}"", subscriptions_url = ""https://api.github.com/users/DavisVaughan/subscriptions"", organizations_url = ""https://api.github.com/users/DavisVaughan/orgs"", repos_url = ""https://api.github.com/users/DavisVaughan/repos"", events_url = ""https://api.github.com/users/DavisVaughan/events{/privacy}"", received_events_url = ""https://api.github.com/users/DavisVaughan/received_events"", type = ""User"", site_admin = FALSE, contributions = 9))"
"https://raw.githubusercontent.com/rstudio/hex-stickers/a9d38e4f81fa8ed5defd190a77c469fdbd63b1da/SVG/readr.svg","https://github.com/tidyverse/readr","readr","Read flat files (csv, tsv, fwf) into R","969","969","21","list(start = c(17532, 17563, 17591, 17622, 17652, 17683, 17713, 17744, 17775, 17805, 17836, 17866, 17897, 17928, 17956, 17987, 18017, 18048, 18078, 18109, 18140, 18170, 18201, 18231, 18262, 18293, 18322, 18353, 18383, 18414, 18444, 18475, 18506, 18536, 18567, 18597, 18628, 18659, 18687, 18718, 18748, 18779, 18809, 18840, 18871, 18901, 18932, 18962, 18993, 19024, 19052, 19083, 19113, 19144, 19174, 19205, 19236, 19266, 19297, 19327, 19358, 19389, 19417, 19448, 19478, 19509, 19539, 19570, 19601, 19631
), end = c(17562, 17590, 17621, 17651, 17682, 17712, 17743, 17774, 17804, 17835, 17865, 17896, 17927, 17955, 17986, 18016, 18047, 18077, 18108, 18139, 18169, 18200, 18230, 18261, 18292, 18321, 18352, 18382, 18413, 18443, 18474, 18505, 18535, 18566, 18596, 18627, 18658, 18686, 18717, 18747, 18778, 18808, 18839, 18870, 18900, 18931, 18961, 18992, 19023, 19051, 19082, 19112, 19143, 19173, 19204, 19235, 19265, 19296, 19326, 19357, 19388, 19416, 19447, 19477, 19508, 19538, 19569, 19600, 19630, 19661), 
    downloads = c(194484, 190169, 224762, 287061, 270872, 223448, 203587, 216650, 322676, 369545, 370684, 344716, 384837, 369682, 406311, 448962, 459845, 334777, 316383, 321772, 464537, 514568, 450888, 349264, 440949, 472486, 507909, 541136, 505517, 454584, 388744, 413783, 536519, 660255, 547342, 416566, 464257, 494137, 585423, 653849, 767801, 707599, 672909, 745594, 866566, 884488, 808225, 628574, 675785, 710909, 773680, 883918, 868226, 705597, 768881, 835799, 908189, 1029091, 970677, 732756, 777417, 
    725547, 940379, 814362, 771791, 716872, 628778, 676459, 819040, 893127), package = c(1, 1, 1, 1, 1, 1, 1, 1, 1, 1, 1, 1, 1, 1, 1, 1, 1, 1, 1, 1, 1, 1, 1, 1, 1, 1, 1, 1, 1, 1, 1, 1, 1, 1, 1, 1, 1, 1, 1, 1, 1, 1, 1, 1, 1, 1, 1, 1, 1, 1, 1, 1, 1, 1, 1, 1, 1, 1, 1, 1, 1, 1, 1, 1, 1, 1, 1, 1, 1, 1))","list(list(login = ""jimhester"", id = 205275, node_id = ""MDQ6VXNlcjIwNTI3NQ=="", avatar_url = ""https://avatars.githubusercontent.com/u/205275?v=4"", gravatar_id = """", url = ""https://api.github.com/users/jimhester"", html_url = ""https://github.com/jimhester"", followers_url = ""https://api.github.com/users/jimhester/followers"", following_url = ""https://api.github.com/users/jimhester/following{/other_user}"", gists_url = ""https://api.github.com/users/jimhester/gists{/gist_id}"", starred_url = ""https://api.github.com/users/jimhester/starred{/owner}{/repo}"", 
    subscriptions_url = ""https://api.github.com/users/jimhester/subscriptions"", organizations_url = ""https://api.github.com/users/jimhester/orgs"", repos_url = ""https://api.github.com/users/jimhester/repos"", events_url = ""https://api.github.com/users/jimhester/events{/privacy}"", received_events_url = ""https://api.github.com/users/jimhester/received_events"", type = ""User"", site_admin = FALSE, contributions = 699), list(login = ""hadley"", id = 4196, node_id = ""MDQ6VXNlcjQxOTY="", avatar_url = ""https://avatars.githubusercontent.com/u/4196?v=4"", 
    gravatar_id = """", url = ""https://api.github.com/users/hadley"", html_url = ""https://github.com/hadley"", followers_url = ""https://api.github.com/users/hadley/followers"", following_url = ""https://api.github.com/users/hadley/following{/other_user}"", gists_url = ""https://api.github.com/users/hadley/gists{/gist_id}"", starred_url = ""https://api.github.com/users/hadley/starred{/owner}{/repo}"", subscriptions_url = ""https://api.github.com/users/hadley/subscriptions"", organizations_url = ""https://api.github.com/users/hadley/orgs"", 
    repos_url = ""https://api.github.com/users/hadley/repos"", events_url = ""https://api.github.com/users/hadley/events{/privacy}"", received_events_url = ""https://api.github.com/users/hadley/received_events"", type = ""User"", site_admin = FALSE, contributions = 684), list(login = ""romainfrancois"", id = 2625526, node_id = ""MDQ6VXNlcjI2MjU1MjY="", avatar_url = ""https://avatars.githubusercontent.com/u/2625526?v=4"", gravatar_id = """", url = ""https://api.github.com/users/romainfrancois"", html_url = ""https://github.com/romainfrancois"", 
    followers_url = ""https://api.github.com/users/romainfrancois/followers"", following_url = ""https://api.github.com/users/romainfrancois/following{/other_user}"", gists_url = ""https://api.github.com/users/romainfrancois/gists{/gist_id}"", starred_url = ""https://api.github.com/users/romainfrancois/starred{/owner}{/repo}"", subscriptions_url = ""https://api.github.com/users/romainfrancois/subscriptions"", organizations_url = ""https://api.github.com/users/romainfrancois/orgs"", repos_url = ""https://api.github.com/users/romainfrancois/repos"", 
    events_url = ""https://api.github.com/users/romainfrancois/events{/privacy}"", received_events_url = ""https://api.github.com/users/romainfrancois/received_events"", type = ""User"", site_admin = FALSE, contributions = 124), list(login = ""jennybc"", id = 599454, node_id = ""MDQ6VXNlcjU5OTQ1NA=="", avatar_url = ""https://avatars.githubusercontent.com/u/599454?v=4"", gravatar_id = """", url = ""https://api.github.com/users/jennybc"", html_url = ""https://github.com/jennybc"", followers_url = ""https://api.github.com/users/jennybc/followers"", 
    following_url = ""https://api.github.com/users/jennybc/following{/other_user}"", gists_url = ""https://api.github.com/users/jennybc/gists{/gist_id}"", starred_url = ""https://api.github.com/users/jennybc/starred{/owner}{/repo}"", subscriptions_url = ""https://api.github.com/users/jennybc/subscriptions"", organizations_url = ""https://api.github.com/users/jennybc/orgs"", repos_url = ""https://api.github.com/users/jennybc/repos"", events_url = ""https://api.github.com/users/jennybc/events{/privacy}"", received_events_url = ""https://api.github.com/users/jennybc/received_events"", 
    type = ""User"", site_admin = FALSE, contributions = 94), list(login = ""npjc"", id = 6063192, node_id = ""MDQ6VXNlcjYwNjMxOTI="", avatar_url = ""https://avatars.githubusercontent.com/u/6063192?v=4"", gravatar_id = """", url = ""https://api.github.com/users/npjc"", html_url = ""https://github.com/npjc"", followers_url = ""https://api.github.com/users/npjc/followers"", following_url = ""https://api.github.com/users/npjc/following{/other_user}"", gists_url = ""https://api.github.com/users/npjc/gists{/gist_id}"", starred_url = ""https://api.github.com/users/npjc/starred{/owner}{/repo}"", 
    subscriptions_url = ""https://api.github.com/users/npjc/subscriptions"", organizations_url = ""https://api.github.com/users/npjc/orgs"", repos_url = ""https://api.github.com/users/npjc/repos"", events_url = ""https://api.github.com/users/npjc/events{/privacy}"", received_events_url = ""https://api.github.com/users/npjc/received_events"", type = ""User"", site_admin = FALSE, contributions = 33))"
"https://raw.githubusercontent.com/rstudio/hex-stickers/a9d38e4f81fa8ed5defd190a77c469fdbd63b1da/SVG/tibble.svg","https://github.com/tidyverse/tibble","tibble","A modern re-imagining of the data frame","626","626","212","list(start = c(17532, 17563, 17591, 17622, 17652, 17683, 17713, 17744, 17775, 17805, 17836, 17866, 17897, 17928, 17956, 17987, 18017, 18048, 18078, 18109, 18140, 18170, 18201, 18231, 18262, 18293, 18322, 18353, 18383, 18414, 18444, 18475, 18506, 18536, 18567, 18597, 18628, 18659, 18687, 18718, 18748, 18779, 18809, 18840, 18871, 18901, 18932, 18962, 18993, 19024, 19052, 19083, 19113, 19144, 19174, 19205, 19236, 19266, 19297, 19327, 19358, 19389, 19417, 19448, 19478, 19509, 19539, 19570, 19601, 19631
), end = c(17562, 17590, 17621, 17651, 17682, 17712, 17743, 17774, 17804, 17835, 17865, 17896, 17927, 17955, 17986, 18016, 18047, 18077, 18108, 18139, 18169, 18200, 18230, 18261, 18292, 18321, 18352, 18382, 18413, 18443, 18474, 18505, 18535, 18566, 18596, 18627, 18658, 18686, 18717, 18747, 18778, 18808, 18839, 18870, 18900, 18931, 18961, 18992, 19023, 19051, 19082, 19112, 19143, 19173, 19204, 19235, 19265, 19296, 19326, 19357, 19388, 19416, 19447, 19477, 19508, 19538, 19569, 19600, 19630, 19661), 
    downloads = c(537424, 449201, 492331, 517301, 479345, 421257, 411945, 399945, 540385, 629507, 563884, 431880, 702856, 663900, 866342, 795283, 872484, 813331, 702488, 670297, 910773, 956526, 862490, 765991, 894097, 909255, 991947, 1373385, 1326908, 1224312, 1278566, 1149626, 1367201, 1489932, 1250293, 1119114, 1256803, 1261799, 1432129, 1377869, 1429365, 1288530, 1196420, 1304177, 1461646, 1515288, 1536155, 1177237, 1188160, 1139617, 1307934, 1167476, 1416582, 1246252, 1176173, 1285965, 1718030, 
    1328044, 1322652, 940556, 1087655, 1125991, 1803222, 1734396, 1679878, 1387364, 1230922, 1297855, 1530880, 1506273), package = c(1, 1, 1, 1, 1, 1, 1, 1, 1, 1, 1, 1, 1, 1, 1, 1, 1, 1, 1, 1, 1, 1, 1, 1, 1, 1, 1, 1, 1, 1, 1, 1, 1, 1, 1, 1, 1, 1, 1, 1, 1, 1, 1, 1, 1, 1, 1, 1, 1, 1, 1, 1, 1, 1, 1, 1, 1, 1, 1, 1, 1, 1, 1, 1, 1, 1, 1, 1, 1, 1))","list(list(login = ""krlmlr"", id = 1741643, node_id = ""MDQ6VXNlcjE3NDE2NDM="", avatar_url = ""https://avatars.githubusercontent.com/u/1741643?v=4"", gravatar_id = """", url = ""https://api.github.com/users/krlmlr"", html_url = ""https://github.com/krlmlr"", followers_url = ""https://api.github.com/users/krlmlr/followers"", following_url = ""https://api.github.com/users/krlmlr/following{/other_user}"", gists_url = ""https://api.github.com/users/krlmlr/gists{/gist_id}"", starred_url = ""https://api.github.com/users/krlmlr/starred{/owner}{/repo}"", 
    subscriptions_url = ""https://api.github.com/users/krlmlr/subscriptions"", organizations_url = ""https://api.github.com/users/krlmlr/orgs"", repos_url = ""https://api.github.com/users/krlmlr/repos"", events_url = ""https://api.github.com/users/krlmlr/events{/privacy}"", received_events_url = ""https://api.github.com/users/krlmlr/received_events"", type = ""User"", site_admin = FALSE, contributions = 3150), list(login = ""hadley"", id = 4196, node_id = ""MDQ6VXNlcjQxOTY="", avatar_url = ""https://avatars.githubusercontent.com/u/4196?v=4"", 
    gravatar_id = """", url = ""https://api.github.com/users/hadley"", html_url = ""https://github.com/hadley"", followers_url = ""https://api.github.com/users/hadley/followers"", following_url = ""https://api.github.com/users/hadley/following{/other_user}"", gists_url = ""https://api.github.com/users/hadley/gists{/gist_id}"", starred_url = ""https://api.github.com/users/hadley/starred{/owner}{/repo}"", subscriptions_url = ""https://api.github.com/users/hadley/subscriptions"", organizations_url = ""https://api.github.com/users/hadley/orgs"", 
    repos_url = ""https://api.github.com/users/hadley/repos"", events_url = ""https://api.github.com/users/hadley/events{/privacy}"", received_events_url = ""https://api.github.com/users/hadley/received_events"", type = ""User"", site_admin = FALSE, contributions = 824), list(login = ""romainfrancois"", id = 2625526, node_id = ""MDQ6VXNlcjI2MjU1MjY="", avatar_url = ""https://avatars.githubusercontent.com/u/2625526?v=4"", gravatar_id = """", url = ""https://api.github.com/users/romainfrancois"", html_url = ""https://github.com/romainfrancois"", 
    followers_url = ""https://api.github.com/users/romainfrancois/followers"", following_url = ""https://api.github.com/users/romainfrancois/following{/other_user}"", gists_url = ""https://api.github.com/users/romainfrancois/gists{/gist_id}"", starred_url = ""https://api.github.com/users/romainfrancois/starred{/owner}{/repo}"", subscriptions_url = ""https://api.github.com/users/romainfrancois/subscriptions"", organizations_url = ""https://api.github.com/users/romainfrancois/orgs"", repos_url = ""https://api.github.com/users/romainfrancois/repos"", 
    events_url = ""https://api.github.com/users/romainfrancois/events{/privacy}"", received_events_url = ""https://api.github.com/users/romainfrancois/received_events"", type = ""User"", site_admin = FALSE, contributions = 164), list(login = ""jennybc"", id = 599454, node_id = ""MDQ6VXNlcjU5OTQ1NA=="", avatar_url = ""https://avatars.githubusercontent.com/u/599454?v=4"", gravatar_id = """", url = ""https://api.github.com/users/jennybc"", html_url = ""https://github.com/jennybc"", followers_url = ""https://api.github.com/users/jennybc/followers"", 
    following_url = ""https://api.github.com/users/jennybc/following{/other_user}"", gists_url = ""https://api.github.com/users/jennybc/gists{/gist_id}"", starred_url = ""https://api.github.com/users/jennybc/starred{/owner}{/repo}"", subscriptions_url = ""https://api.github.com/users/jennybc/subscriptions"", organizations_url = ""https://api.github.com/users/jennybc/orgs"", repos_url = ""https://api.github.com/users/jennybc/repos"", events_url = ""https://api.github.com/users/jennybc/events{/privacy}"", received_events_url = ""https://api.github.com/users/jennybc/received_events"", 
    type = ""User"", site_admin = FALSE, contributions = 62), list(login = ""lionel-"", id = 4465050, node_id = ""MDQ6VXNlcjQ0NjUwNTA="", avatar_url = ""https://avatars.githubusercontent.com/u/4465050?v=4"", gravatar_id = """", url = ""https://api.github.com/users/lionel-"", html_url = ""https://github.com/lionel-"", followers_url = ""https://api.github.com/users/lionel-/followers"", following_url = ""https://api.github.com/users/lionel-/following{/other_user}"", gists_url = ""https://api.github.com/users/lionel-/gists{/gist_id}"", 
    starred_url = ""https://api.github.com/users/lionel-/starred{/owner}{/repo}"", subscriptions_url = ""https://api.github.com/users/lionel-/subscriptions"", organizations_url = ""https://api.github.com/users/lionel-/orgs"", repos_url = ""https://api.github.com/users/lionel-/repos"", events_url = ""https://api.github.com/users/lionel-/events{/privacy}"", received_events_url = ""https://api.github.com/users/lionel-/received_events"", type = ""User"", site_admin = FALSE, contributions = 48))"
"https://raw.githubusercontent.com/rstudio/hex-stickers/a9d38e4f81fa8ed5defd190a77c469fdbd63b1da/SVG/stringr.svg","https://github.com/tidyverse/stringr","stringr","A fresh approach to string manipulation in R","553","553","16","list(start = c(17532, 17563, 17591, 17622, 17652, 17683, 17713, 17744, 17775, 17805, 17836, 17866, 17897, 17928, 17956, 17987, 18017, 18048, 18078, 18109, 18140, 18170, 18201, 18231, 18262, 18293, 18322, 18353, 18383, 18414, 18444, 18475, 18506, 18536, 18567, 18597, 18628, 18659, 18687, 18718, 18748, 18779, 18809, 18840, 18871, 18901, 18932, 18962, 18993, 19024, 19052, 19083, 19113, 19144, 19174, 19205, 19236, 19266, 19297, 19327, 19358, 19389, 19417, 19448, 19478, 19509, 19539, 19570, 19601, 19631
), end = c(17562, 17590, 17621, 17651, 17682, 17712, 17743, 17774, 17804, 17835, 17865, 17896, 17927, 17955, 17986, 18016, 18047, 18077, 18108, 18139, 18169, 18200, 18230, 18261, 18292, 18321, 18352, 18382, 18413, 18443, 18474, 18505, 18535, 18566, 18596, 18627, 18658, 18686, 18717, 18747, 18778, 18808, 18839, 18870, 18900, 18931, 18961, 18992, 19023, 19051, 19082, 19112, 19143, 19173, 19204, 19235, 19265, 19296, 19326, 19357, 19388, 19416, 19447, 19477, 19508, 19538, 19569, 19600, 19630, 19661), 
    downloads = c(374919, 394333, 525094, 537827, 566011, 480896, 469071, 438523, 571410, 656926, 593478, 440698, 529074, 625415, 672469, 610084, 639266, 502004, 548150, 580984, 771141, 817077, 816277, 623875, 755079, 704976, 736390, 806662, 765502, 723609, 638452, 651753, 832061, 894916, 770111, 631944, 723434, 735999, 891968, 787462, 757494, 785925, 732012, 788664, 926589, 972805, 932158, 806997, 849399, 846102, 1009100, 1153719, 1316521, 1298482, 1068478, 1229972, 1347726, 1283962, 1267030, 902702, 
    1039113, 1317367, 1728010, 1499945, 1500774, 1282423, 998625, 1044092, 1205262, 1271219), package = c(1, 1, 1, 1, 1, 1, 1, 1, 1, 1, 1, 1, 1, 1, 1, 1, 1, 1, 1, 1, 1, 1, 1, 1, 1, 1, 1, 1, 1, 1, 1, 1, 1, 1, 1, 1, 1, 1, 1, 1, 1, 1, 1, 1, 1, 1, 1, 1, 1, 1, 1, 1, 1, 1, 1, 1, 1, 1, 1, 1, 1, 1, 1, 1, 1, 1, 1, 1, 1, 1))","list(list(login = ""hadley"", id = 4196, node_id = ""MDQ6VXNlcjQxOTY="", avatar_url = ""https://avatars.githubusercontent.com/u/4196?v=4"", gravatar_id = """", url = ""https://api.github.com/users/hadley"", html_url = ""https://github.com/hadley"", followers_url = ""https://api.github.com/users/hadley/followers"", following_url = ""https://api.github.com/users/hadley/following{/other_user}"", gists_url = ""https://api.github.com/users/hadley/gists{/gist_id}"", starred_url = ""https://api.github.com/users/hadley/starred{/owner}{/repo}"", 
    subscriptions_url = ""https://api.github.com/users/hadley/subscriptions"", organizations_url = ""https://api.github.com/users/hadley/orgs"", repos_url = ""https://api.github.com/users/hadley/repos"", events_url = ""https://api.github.com/users/hadley/events{/privacy}"", received_events_url = ""https://api.github.com/users/hadley/received_events"", type = ""User"", site_admin = FALSE, contributions = 519), list(login = ""batpigandme"", id = 831732, node_id = ""MDQ6VXNlcjgzMTczMg=="", avatar_url = ""https://avatars.githubusercontent.com/u/831732?v=4"", 
    gravatar_id = """", url = ""https://api.github.com/users/batpigandme"", html_url = ""https://github.com/batpigandme"", followers_url = ""https://api.github.com/users/batpigandme/followers"", following_url = ""https://api.github.com/users/batpigandme/following{/other_user}"", gists_url = ""https://api.github.com/users/batpigandme/gists{/gist_id}"", starred_url = ""https://api.github.com/users/batpigandme/starred{/owner}{/repo}"", subscriptions_url = ""https://api.github.com/users/batpigandme/subscriptions"", 
    organizations_url = ""https://api.github.com/users/batpigandme/orgs"", repos_url = ""https://api.github.com/users/batpigandme/repos"", events_url = ""https://api.github.com/users/batpigandme/events{/privacy}"", received_events_url = ""https://api.github.com/users/batpigandme/received_events"", type = ""User"", site_admin = FALSE, contributions = 9), list(login = ""jennybc"", id = 599454, node_id = ""MDQ6VXNlcjU5OTQ1NA=="", avatar_url = ""https://avatars.githubusercontent.com/u/599454?v=4"", gravatar_id = """", 
    url = ""https://api.github.com/users/jennybc"", html_url = ""https://github.com/jennybc"", followers_url = ""https://api.github.com/users/jennybc/followers"", following_url = ""https://api.github.com/users/jennybc/following{/other_user}"", gists_url = ""https://api.github.com/users/jennybc/gists{/gist_id}"", starred_url = ""https://api.github.com/users/jennybc/starred{/owner}{/repo}"", subscriptions_url = ""https://api.github.com/users/jennybc/subscriptions"", organizations_url = ""https://api.github.com/users/jennybc/orgs"", 
    repos_url = ""https://api.github.com/users/jennybc/repos"", events_url = ""https://api.github.com/users/jennybc/events{/privacy}"", received_events_url = ""https://api.github.com/users/jennybc/received_events"", type = ""User"", site_admin = FALSE, contributions = 8), list(login = ""gagolews"", id = 3193581, node_id = ""MDQ6VXNlcjMxOTM1ODE="", avatar_url = ""https://avatars.githubusercontent.com/u/3193581?v=4"", gravatar_id = """", url = ""https://api.github.com/users/gagolews"", html_url = ""https://github.com/gagolews"", 
    followers_url = ""https://api.github.com/users/gagolews/followers"", following_url = ""https://api.github.com/users/gagolews/following{/other_user}"", gists_url = ""https://api.github.com/users/gagolews/gists{/gist_id}"", starred_url = ""https://api.github.com/users/gagolews/starred{/owner}{/repo}"", subscriptions_url = ""https://api.github.com/users/gagolews/subscriptions"", organizations_url = ""https://api.github.com/users/gagolews/orgs"", repos_url = ""https://api.github.com/users/gagolews/repos"", events_url = ""https://api.github.com/users/gagolews/events{/privacy}"", 
    received_events_url = ""https://api.github.com/users/gagolews/received_events"", type = ""User"", site_admin = FALSE, contributions = 7), list(login = ""rjpat"", id = 30950474, node_id = ""MDQ6VXNlcjMwOTUwNDc0"", avatar_url = ""https://avatars.githubusercontent.com/u/30950474?v=4"", gravatar_id = """", url = ""https://api.github.com/users/rjpat"", html_url = ""https://github.com/rjpat"", followers_url = ""https://api.github.com/users/rjpat/followers"", following_url = ""https://api.github.com/users/rjpat/following{/other_user}"", 
    gists_url = ""https://api.github.com/users/rjpat/gists{/gist_id}"", starred_url = ""https://api.github.com/users/rjpat/starred{/owner}{/repo}"", subscriptions_url = ""https://api.github.com/users/rjpat/subscriptions"", organizations_url = ""https://api.github.com/users/rjpat/orgs"", repos_url = ""https://api.github.com/users/rjpat/repos"", events_url = ""https://api.github.com/users/rjpat/events{/privacy}"", received_events_url = ""https://api.github.com/users/rjpat/received_events"", type = ""User"", site_admin = FALSE, 
    contributions = 7))"
"https://raw.githubusercontent.com/rstudio/hex-stickers/a9d38e4f81fa8ed5defd190a77c469fdbd63b1da/SVG/forcats.svg","https://github.com/tidyverse/forcats","forcats","üêàüêàüêàüêà: tools for working with categorical variables (factors)","528","528","9","list(start = c(17532, 17563, 17591, 17622, 17652, 17683, 17713, 17744, 17775, 17805, 17836, 17866, 17897, 17928, 17956, 17987, 18017, 18048, 18078, 18109, 18140, 18170, 18201, 18231, 18262, 18293, 18322, 18353, 18383, 18414, 18444, 18475, 18506, 18536, 18567, 18597, 18628, 18659, 18687, 18718, 18748, 18779, 18809, 18840, 18871, 18901, 18932, 18962, 18993, 19024, 19052, 19083, 19113, 19144, 19174, 19205, 19236, 19266, 19297, 19327, 19358, 19389, 19417, 19448, 19478, 19509, 19539, 19570, 19601, 19631
), end = c(17562, 17590, 17621, 17651, 17682, 17712, 17743, 17774, 17804, 17835, 17865, 17896, 17927, 17955, 17986, 18016, 18047, 18077, 18108, 18139, 18169, 18200, 18230, 18261, 18292, 18321, 18352, 18382, 18413, 18443, 18474, 18505, 18535, 18566, 18596, 18627, 18658, 18686, 18717, 18747, 18778, 18808, 18839, 18870, 18900, 18931, 18961, 18992, 19023, 19051, 19082, 19112, 19143, 19173, 19204, 19235, 19265, 19296, 19326, 19357, 19388, 19416, 19447, 19477, 19508, 19538, 19569, 19600, 19630, 19661), 
    downloads = c(91732, 106699, 140074, 220209, 207353, 168591, 150428, 161529, 225682, 263416, 241596, 186875, 220416, 258241, 306009, 288364, 303847, 236079, 238171, 238000, 350796, 389284, 350815, 272007, 329320, 340961, 451712, 453548, 420926, 371095, 314885, 320832, 403118, 414033, 376353, 296025, 358410, 426602, 473813, 554051, 676500, 656359, 572178, 599088, 713784, 729670, 608566, 481401, 505742, 478791, 521556, 471360, 483932, 427762, 402916, 579366, 575107, 521705, 499147, 351429, 445342, 
    516244, 668982, 565704, 559910, 503865, 434544, 454944, 557164, 612165), package = c(1, 1, 1, 1, 1, 1, 1, 1, 1, 1, 1, 1, 1, 1, 1, 1, 1, 1, 1, 1, 1, 1, 1, 1, 1, 1, 1, 1, 1, 1, 1, 1, 1, 1, 1, 1, 1, 1, 1, 1, 1, 1, 1, 1, 1, 1, 1, 1, 1, 1, 1, 1, 1, 1, 1, 1, 1, 1, 1, 1, 1, 1, 1, 1, 1, 1, 1, 1, 1, 1))","list(list(login = ""hadley"", id = 4196, node_id = ""MDQ6VXNlcjQxOTY="", avatar_url = ""https://avatars.githubusercontent.com/u/4196?v=4"", gravatar_id = """", url = ""https://api.github.com/users/hadley"", html_url = ""https://github.com/hadley"", followers_url = ""https://api.github.com/users/hadley/followers"", following_url = ""https://api.github.com/users/hadley/following{/other_user}"", gists_url = ""https://api.github.com/users/hadley/gists{/gist_id}"", starred_url = ""https://api.github.com/users/hadley/starred{/owner}{/repo}"", 
    subscriptions_url = ""https://api.github.com/users/hadley/subscriptions"", organizations_url = ""https://api.github.com/users/hadley/orgs"", repos_url = ""https://api.github.com/users/hadley/repos"", events_url = ""https://api.github.com/users/hadley/events{/privacy}"", received_events_url = ""https://api.github.com/users/hadley/received_events"", type = ""User"", site_admin = FALSE, contributions = 273), list(login = ""batpigandme"", id = 831732, node_id = ""MDQ6VXNlcjgzMTczMg=="", avatar_url = ""https://avatars.githubusercontent.com/u/831732?v=4"", 
    gravatar_id = """", url = ""https://api.github.com/users/batpigandme"", html_url = ""https://github.com/batpigandme"", followers_url = ""https://api.github.com/users/batpigandme/followers"", following_url = ""https://api.github.com/users/batpigandme/following{/other_user}"", gists_url = ""https://api.github.com/users/batpigandme/gists{/gist_id}"", starred_url = ""https://api.github.com/users/batpigandme/starred{/owner}{/repo}"", subscriptions_url = ""https://api.github.com/users/batpigandme/subscriptions"", 
    organizations_url = ""https://api.github.com/users/batpigandme/orgs"", repos_url = ""https://api.github.com/users/batpigandme/repos"", events_url = ""https://api.github.com/users/batpigandme/events{/privacy}"", received_events_url = ""https://api.github.com/users/batpigandme/received_events"", type = ""User"", site_admin = FALSE, contributions = 15), list(login = ""robinsones"", id = 17410158, node_id = ""MDQ6VXNlcjE3NDEwMTU4"", avatar_url = ""https://avatars.githubusercontent.com/u/17410158?v=4"", gravatar_id = """", 
    url = ""https://api.github.com/users/robinsones"", html_url = ""https://github.com/robinsones"", followers_url = ""https://api.github.com/users/robinsones/followers"", following_url = ""https://api.github.com/users/robinsones/following{/other_user}"", gists_url = ""https://api.github.com/users/robinsones/gists{/gist_id}"", starred_url = ""https://api.github.com/users/robinsones/starred{/owner}{/repo}"", subscriptions_url = ""https://api.github.com/users/robinsones/subscriptions"", organizations_url = ""https://api.github.com/users/robinsones/orgs"", 
    repos_url = ""https://api.github.com/users/robinsones/repos"", events_url = ""https://api.github.com/users/robinsones/events{/privacy}"", received_events_url = ""https://api.github.com/users/robinsones/received_events"", type = ""User"", site_admin = FALSE, contributions = 11), list(login = ""krlmlr"", id = 1741643, node_id = ""MDQ6VXNlcjE3NDE2NDM="", avatar_url = ""https://avatars.githubusercontent.com/u/1741643?v=4"", gravatar_id = """", url = ""https://api.github.com/users/krlmlr"", html_url = ""https://github.com/krlmlr"", 
    followers_url = ""https://api.github.com/users/krlmlr/followers"", following_url = ""https://api.github.com/users/krlmlr/following{/other_user}"", gists_url = ""https://api.github.com/users/krlmlr/gists{/gist_id}"", starred_url = ""https://api.github.com/users/krlmlr/starred{/owner}{/repo}"", subscriptions_url = ""https://api.github.com/users/krlmlr/subscriptions"", organizations_url = ""https://api.github.com/users/krlmlr/orgs"", repos_url = ""https://api.github.com/users/krlmlr/repos"", events_url = ""https://api.github.com/users/krlmlr/events{/privacy}"", 
    received_events_url = ""https://api.github.com/users/krlmlr/received_events"", type = ""User"", site_admin = FALSE, contributions = 4), list(login = ""jennybc"", id = 599454, node_id = ""MDQ6VXNlcjU5OTQ1NA=="", avatar_url = ""https://avatars.githubusercontent.com/u/599454?v=4"", gravatar_id = """", url = ""https://api.github.com/users/jennybc"", html_url = ""https://github.com/jennybc"", followers_url = ""https://api.github.com/users/jennybc/followers"", following_url = ""https://api.github.com/users/jennybc/following{/other_user}"", 
    gists_url = ""https://api.github.com/users/jennybc/gists{/gist_id}"", starred_url = ""https://api.github.com/users/jennybc/starred{/owner}{/repo}"", subscriptions_url = ""https://api.github.com/users/jennybc/subscriptions"", organizations_url = ""https://api.github.com/users/jennybc/orgs"", repos_url = ""https://api.github.com/users/jennybc/repos"", events_url = ""https://api.github.com/users/jennybc/events{/privacy}"", received_events_url = ""https://api.github.com/users/jennybc/received_events"", type = ""User"", 
    site_admin = FALSE, contributions = 4))"
